idEmp;Emp;id;produto_id;DesPro;DesGru;EstAtu;ValCusReal;PcoVen;PcoProm;QntProm;ativo;ordem;data_criacao;destaque
1;Carlos Bezerra;1080;1066;FEIJAO PRETO T1 COMBRASIL 1KG;MERCEARIA;0;5,98;7,99;0;0;0;1066;14-mai-26;0
1;Carlos Bezerra;1134;1120;VINHO GALIOTTO TINTO SUAVE 1L;BEBIDAS;0;19;23,95;0;0;0;1120;14-mai-26;0
1;Carlos Bezerra;1154;1140;GENEBRA ZORA DUBAR 960ML;BEBIDAS;9;18,99;24,85;0;0;0;1140;14-mai-26;0
1;Carlos Bezerra;1155;1141;FOGO PAULISTA DUBAR 960ML;BEBIDAS;9;21,99;28,59;0;0;0;1141;14-mai-26;0
1;Carlos Bezerra;1177;1163;GUARACRAC ORIGINAL 290ML;BEBIDAS;0;0,87;1,99;0;0;0;1163;14-mai-26;0
1;Carlos Bezerra;1178;1164;GUARACRAC ACAICRAC 290ML;BEBIDAS;0;0,87;1,99;0;0;0;1164;14-mai-26;0
1;Carlos Bezerra;1206;1192;BOLO KI BOLO 600G;PAES E CIA;0;8;7,99;0;0;0;1192;14-mai-26;0
1;Carlos Bezerra;141;127;OLEO DE SOJA LIZA 900 ML;OLEOS E CIA;0;7,95;9,49;0;0;0;127;14-mai-26;0
1;Carlos Bezerra;1529;1515;SABONETE PROTEX SUAVE 85G;HIGIENE PESSOAL;0;3,99;4,39;0;0;0;1515;14-mai-26;0
1;Carlos Bezerra;1612;1598;PROTETOR DIARIO DIANA 15 UND;HIGIENE PESSOAL;37;3,1;4,45;0;0;0;1598;14-mai-26;0
1;Carlos Bezerra;1656;1642;FRALDA LOOPING 20UND P;HIGIENE PESSOAL;19;10,41;13,99;0;0;0;1642;14-mai-26;0
1;Carlos Bezerra;1755;1741;ALGODAO APOLO 25G;HIGIENE PESSOAL;10;1,66;4,99;0;0;0;1741;14-mai-26;0
1;Carlos Bezerra;2047;2033;ERVA DOCE SABOR 10G;SABOR;0;1,81;3,69;0;0;0;2033;14-mai-26;0
1;Carlos Bezerra;2050;2036;COENTRO PO SABOR 10G;SABOR;0;1,52;2,99;0;0;0;2036;14-mai-26;0
1;Carlos Bezerra;218;204;PAO DE FORMA QPAO 450G;PAES E CIA;0;3,79;3,99;0;0;0;204;14-mai-26;0
1;Carlos Bezerra;2055;2041;PAPRICA PICANTE SABOR 10G;SABOR;0;1,69;2,99;0;0;0;2041;14-mai-26;0
1;Carlos Bezerra;2058;2044;SALSA DESIDRATADA SABOR 5G;SABOR;0;1,78;2,99;0;0;0;2044;14-mai-26;0
1;Carlos Bezerra;219;205;ARROZ PAGLIARIN T1 5KG;MERCEARIA;0;27,17;33,99;0;0;0;205;14-mai-26;0
1;Carlos Bezerra;2073;2059;TEMPERO EMPANA FRANGO SABOR 250G;SABOR;0;4,49;6,99;0;0;0;2059;14-mai-26;0
1;Carlos Bezerra;2074;2060;TEMPERO EMPANA PEIXE SABOR 250G;SABOR;0;4,49;6,99;0;0;0;2060;14-mai-26;0
1;Carlos Bezerra;2111;2097;SH KOLENE ORIGINAL 300ML;HIGIENE PESSOAL;3;4,73;6,99;0;0;0;2097;14-mai-26;0
1;Carlos Bezerra;2204;2190;OLEO DE SOJA VITALIV 900ML;OLEOS E CIA;4;7;8,99;0;0;0;2190;14-mai-26;0
1;Carlos Bezerra;2279;2265;TAMPA P/ VAL DE TANQUE C/02;UTILIDADES;20;2,69;6,49;0;0;0;2265;14-mai-26;0
1;Carlos Bezerra;2290;2276;RESISTENCIA FAME 110V C/01;UTILIDADES;6;5,68;11,99;0;0;0;2276;14-mai-26;0
1;Carlos Bezerra;2293;2279;SELO P/ PANELA GRANDE 7L C/2;UTILIDADES;12;5,76;11,89;0;0;0;2279;14-mai-26;0
1;Carlos Bezerra;2295;2281;FUSIVEL CART NEG 60 A.250 C/02;UTILIDADES;12;2,67;5,49;0;0;0;2281;14-mai-26;0
1;Carlos Bezerra;2303;2289;RESISTENCIA P/ DUCHA CORONA 110V C/01;UTILIDADES;6;5,67;7,75;0;0;0;2289;14-mai-26;0
1;Carlos Bezerra;2304;2290;RESISTENCIA LORENZETTI 110V C/01;UTILIDADES;3;4,98;6,8;0;0;0;2290;14-mai-26;0
1;Carlos Bezerra;2308;2294;AGULHA GRANDE P DESENTOPIR FOGAO COM 2;UTILIDADES;4;1,49;1,99;0;0;0;2294;14-mai-26;0
1;Carlos Bezerra;2310;2296;BORRACHA DE GUARNICAO SILICONE 2,5 A 4,5L C/01;UTILIDADES;7;4,65;9,59;0;0;0;2296;14-mai-26;0
1;Carlos Bezerra;2329;2315;PINCA DEPILATORIA P/ SOBRANCELHA C/02;UTILIDADES;11;8,86;13,29;0;0;0;2315;14-mai-26;0
1;Carlos Bezerra;2404;2390;DESUMIDIFICADOR SECAR NATURAL 180G;LIMPEZA;11;6,17;9,65;0;0;0;2390;14-mai-26;0
1;Carlos Bezerra;2406;2392;DESUMIDIFICADOR SECAR FLORAL 180G;LIMPEZA;10;6,17;9,65;0;0;0;2392;14-mai-26;0
1;Carlos Bezerra;2417;2403;SACO P CHUP-CHUP LARGO 5X22 C100;MERCEARIA;11;2,59;3,89;0;0;0;2403;14-mai-26;0
1;Carlos Bezerra;2427;2413;QUEIJO PRATO BELLA VITA KG;PADARIA;0;43,9;49,99;0;0;0;2413;14-mai-26;0
1;Carlos Bezerra;2427;2413;QUEIJO PRATO BELLA VITA KG;PADARIA;0;43,9;49,99;0;0;0;2413;14-mai-26;0
1;Carlos Bezerra;2508;2494;INSET AERO BAYGON A TOTAL 475ML;LIMPEZA;14;11,9;18,99;0;0;0;2494;14-mai-26;0
1;Carlos Bezerra;2513;2499;POLIDOR SILVO DE METAIS 200ML;LIMPEZA;9;13,55;26,85;0;0;0;2499;14-mai-26;0
1;Carlos Bezerra;2597;2583;ALCOOL EM GEL GERM-X 450G;LIMPEZA;8;3,99;5,79;0;0;0;2583;14-mai-26;0
1;Carlos Bezerra;2735;2721;GUARACRAC ORIGINAL 290ML GEL;BEBIDAS;0;0,87;2,5;0;0;0;2721;14-mai-26;0
1;Carlos Bezerra;2781;2767;SANDALIA HAVAIANAS SLIM PRINC.BG.PALHA/VERM.RB.N 35-36;CALCADO;0;0;34,69;0;0;0;2767;14-mai-26;0
1;Carlos Bezerra;2836;2822;ALCOOL GEL START 500G;HIGIENE PESSOAL;41;6,39;8,99;0;0;0;2822;14-mai-26;0
1;Carlos Bezerra;2843;2829;LYSOFORM AERO LAVANDA 360ML;LIMPEZA;8;18,39;28,69;0;0;0;2829;14-mai-26;0
1;Carlos Bezerra;2844;2830;LYSOFORM AERO LEMB INFANCIA 360ML;LIMPEZA;8;18,39;28,69;0;0;0;2830;14-mai-26;0
1;Carlos Bezerra;2898;2884;CORANTE GUARANY VERDE 40G;UTILIDADES;12;2,84;3,99;0;0;0;2884;14-mai-26;0
1;Carlos Bezerra;2938;2924;CERA LIQUIDA INGLEZA MAXX VERMELHA 750ML;LIMPEZA;9;11,65;15,99;0;0;0;2924;14-mai-26;0
1;Carlos Bezerra;3006;2992;REGUA CRISTAL 15CM;PAPELARIA;13;0,72;1,85;0;0;0;2992;14-mai-26;0
1;Carlos Bezerra;3082;3068;SACO PAPEL PARA PIPOCA SABOR;DESCARTAVEL;13;3,17;5,15;0;0;0;3068;14-mai-26;0
1;Carlos Bezerra;3099;3085;VELA PLASTICA BRANCA N9;DESCARTAVEL;10;1,88;3,6;0;0;0;3085;14-mai-26;0
1;Carlos Bezerra;3102;3088;VELA PLASTICA BRANCA N4;DESCARTAVEL;20;1,99;3,69;0;0;0;3088;14-mai-26;0
1;Carlos Bezerra;3104;3090;VELA PLASTICA BRANCA N2;DESCARTAVEL;9;2,18;3,69;0;0;0;3090;14-mai-26;0
1;Carlos Bezerra;3113;3099;COPO MINI 25ML CRISTAL C/10;DESCARTAVEL;12;4,93;7,39;0;0;0;3099;14-mai-26;0
1;Carlos Bezerra;3119;3105;TAPETINHO AZUL N.7 C/100;DESCARTAVEL;10;2,35;3,3;0;0;0;3105;14-mai-26;0
1;Carlos Bezerra;3120;3106;TAPETINHO VERMELHO N.7 C/100;DESCARTAVEL;11;2,35;3,3;0;0;0;3106;14-mai-26;0
1;Carlos Bezerra;3121;3107;SACO HOT DOG SABOR F.C/50;DESCARTAVEL;22;2,69;3,99;0;0;0;3107;14-mai-26;0
1;Carlos Bezerra;3126;3112;PAPEL SEDA PARA BALA - PINK;DESCARTAVEL;10;1,63;2,3;0;0;0;3112;14-mai-26;0
1;Carlos Bezerra;3127;3113;PAPEL BALA SEDA SABOR AZUL C 48;DESCARTAVEL;11;1,63;2,3;0;0;0;3113;14-mai-26;0
1;Carlos Bezerra;3128;3114;PAPEL BALA SABOR VERMELHO 48UN;DESCARTAVEL;12;1,63;2,3;0;0;0;3114;14-mai-26;0
1;Carlos Bezerra;3129;3115;PAPEL BALA SEDA SABOR VERDE C 48;DESCARTAVEL;12;1,63;2,3;0;0;0;3115;14-mai-26;0
1;Carlos Bezerra;3162;3148;ESCOVA P/UNHAS ROSSI 3020;LIMPEZA;15;3,85;5,89;0;0;0;3148;14-mai-26;0
1;Carlos Bezerra;3233;3219;ORGANIZADOR DE PVC;UTILIDADES;1;16,2;24,3;0;0;0;3219;14-mai-26;0
1;Carlos Bezerra;3233;3219;ORGANIZADOR DE PVC;UTILIDADES;1;16,2;24,3;0;0;0;3219;14-mai-26;0
1;Carlos Bezerra;3251;3237;PALHA DE ACO BRILLO N.2 25G;UTILIDADES;13;1,4;1,99;0;0;0;3237;14-mai-26;0
1;Carlos Bezerra;3350;3336;ESPETO BAMBU PARANA 18CM C/50;MERCEARIA;65;1,69;2,89;1,99;10;1;3336;14-mai-26;0
1;Carlos Bezerra;3353;3339;PALITO DE DENTE GABOARDI;DESCARTAVEL;10;0,5;1,99;0;0;0;3339;14-mai-26;0
1;Carlos Bezerra;3355;3341;SACO ASSAMAIS LIFE CLEAN 27X41;DESCARTAVEL;0;3,77;6,49;0;0;0;3341;14-mai-26;0
1;Carlos Bezerra;3355;3341;SACO ASSAMAIS LIFE CLEAN 27X41;DESCARTAVEL;0;3,77;6,49;0;0;0;3341;14-mai-26;0
1;Carlos Bezerra;3355;3341;SACO ASSAMAIS LIFE CLEAN 27X41;DESCARTAVEL;0;3,77;6,49;0;0;0;3341;14-mai-26;0
1;Carlos Bezerra;3355;3341;SACO ASSAMAIS LIFE CLEAN 27X41;DESCARTAVEL;0;3,77;6,49;0;0;0;3341;14-mai-26;0
1;Carlos Bezerra;3373;3359;MARIOLA 60G;BOMBONIERE;0;0,84;1,5;0;0;0;3359;14-mai-26;0
1;Carlos Bezerra;3417;3403;LAMINA WILKINSON;HIGIENE PESSOAL;19;1,14;2,99;0;0;0;3403;14-mai-26;0
1;Carlos Bezerra;3438;3424;BALA HORTELA DORI 10G;BOMBONIERE;0;0,12;0,2;0;0;0;3424;14-mai-26;0
1;Carlos Bezerra;3439;3425;PALITO DE UNHA;HIGIENE PESSOAL;10;0,15;0,5;0;0;0;3425;14-mai-26;0
1;Carlos Bezerra;3488;3474;VASSOURA SOUZA N3 PIACAVA;LIMPEZA;8;13,75;19,99;0;0;0;3474;14-mai-26;0
1;Carlos Bezerra;4144;4130;PAPEL SEDA BRANCO C/48;DESCARTAVEL;11;1,63;2,3;0;0;0;4130;14-mai-26;0
1;Carlos Bezerra;4204;4190;FORMA DE GELO JAGUAR 14 CAVIDADES;UTILIDADES;10;3,08;8,99;0;0;0;4190;14-mai-26;0
1;Carlos Bezerra;4259;4245;DESUMIDIFICADOR SECAR KIDS 180G;LIMPEZA;11;6,17;9,65;0;0;0;4245;14-mai-26;0
1;Carlos Bezerra;4374;4360;LAPIS MULTICOLOR GRAFITE N2;PAPELARIA;72;0,31;0,75;0;0;1;4360;14-mai-26;0
1;Carlos Bezerra;4452;4438;CANETA BIC CRISTAL VERMELHA;PAPELARIA;28;0,86;1,99;0;0;0;4438;14-mai-26;0
1;Carlos Bezerra;4559;4545;AVENTAL BRANCO 28,5X19CM;UTILIDADES;6;22,56;32,9;0;0;0;4545;14-mai-26;0
1;Carlos Bezerra;4559;4545;AVENTAL BRANCO 28,5X19CM;UTILIDADES;6;22,56;32,9;0;0;0;4545;14-mai-26;0
1;Carlos Bezerra;4560;4546;AVENTAL FLANELADO 28,5X19 CM;UTILIDADES;4;5,57;8,9;0;0;0;4546;14-mai-26;0
1;Carlos Bezerra;4560;4546;AVENTAL FLANELADO 28,5X19 CM;UTILIDADES;4;5,57;8,9;0;0;0;4546;14-mai-26;0
1;Carlos Bezerra;469;455;MARGARINA QUALY COM SAL 500G;LATICINIOS;0;5,34;7,99;0;0;0;455;14-mai-26;0
1;Carlos Bezerra;4579;4565;CAPA MAQUINA VINIL ESTAMPADA GDE 27X34,5 CM;UTILIDADES;1;23,13;36,9;0;0;0;4565;14-mai-26;0
1;Carlos Bezerra;4579;4565;CAPA MAQUINA VINIL ESTAMPADA GDE 27X34,5 CM;UTILIDADES;1;23,13;36,9;0;0;0;4565;14-mai-26;0
1;Carlos Bezerra;4646;4632;LUVA TERMICA 21X35X20 CM;UTILIDADES;6;11,35;16,99;0;0;0;4632;14-mai-26;0
1;Carlos Bezerra;4646;4632;LUVA TERMICA 21X35X20 CM;UTILIDADES;6;11,35;16,99;0;0;0;4632;14-mai-26;0
1;Carlos Bezerra;4732;4718;REFIL PASTILHA RAID 12 NOITES;LIMPEZA;30;4,23;6,85;0;0;0;4718;14-mai-26;0
1;Carlos Bezerra;4775;4761;APARELHO + REFIL ELETR RAID 45N;LIMPEZA;9;13,17;21,99;0;0;0;4761;14-mai-26;0
1;Carlos Bezerra;4809;4795;APARELHO BARBEAR PROBAK II C1;HIGIENE PESSOAL;15;1,43;2,99;0;0;0;4795;14-mai-26;0
1;Carlos Bezerra;4949;4935;PA PARA LIXO CONDOR AMARELA;LIMPEZA;10;3,55;4,99;0;0;0;4935;14-mai-26;0
1;Carlos Bezerra;4954;4940;VEDA ROSCA 10MX12MM POLYTUBES;UTILIDADES;16;2,02;2,99;0;0;0;4940;14-mai-26;0
1;Carlos Bezerra;4958;4944;PENTE BOLSO JOY CONDOR;UTILIDADES;17;1,4;2,89;0;0;0;4944;14-mai-26;0
1;Carlos Bezerra;4961;4947;PINO FEMEA 10A COLOR TRAMONTINA;UTILIDADES;14;3,15;5,39;0;0;0;4947;14-mai-26;0
1;Carlos Bezerra;4962;4948;PINO MACHO 10A COLOR TRAMONTINA;UTILIDADES;13;3;4,99;0;0;0;4948;14-mai-26;0
1;Carlos Bezerra;5288;5274;GUARACRAC ACAICRAC 290ML GEL;BEBIDAS;0;0,87;2,5;0;0;0;5274;14-mai-26;0
1;Carlos Bezerra;545;531;PAPEL HIG OLE FLH DUP 12UN;HIGIENE PESSOAL;0;7,9;11,99;0;0;0;531;14-mai-26;0
1;Carlos Bezerra;5398;5384;CLORO SOL 1L;LIMPEZA;64;2;3,5;0;0;1;5384;14-mai-26;0
1;Carlos Bezerra;5517;5503;LAMPADA KIAN LED BULBO 9W BIVOLT 6.5K;UTILIDADES;10;2,48;5,2;0;0;0;5503;14-mai-26;0
1;Carlos Bezerra;5684;5670;BALA BUTTER 5G;BOMBONIERE;0;0,25;0,5;0;0;0;5670;14-mai-26;0
1;Carlos Bezerra;5693;5679;VASSOURA ROSSI CERDAS DURAVEL;LIMPEZA;9;16,56;22,39;0;0;0;5679;14-mai-26;0
1;Carlos Bezerra;5712;5698;CERVEJA ANTARCTICA 473ML GEL;BEBIDAS;0;3,74;5,99;0;0;0;5698;14-mai-26;0
1;Carlos Bezerra;5871;5857;LAPIS WINNER GRAFITE N2;PAPELARIA;112;0,35;0,85;0;0;1;5857;14-mai-26;0
1;Carlos Bezerra;5872;5858;LAPIS BIC GRAFITE HB N2;PAPELARIA;13;3,32;0,99;0;0;0;5858;14-mai-26;0
1;Carlos Bezerra;604;590;ISQUEIRO BIC MINI;MERCEARIA;10;3,23;5,99;0;0;0;590;14-mai-26;0
1;Carlos Bezerra;5942;5928;LAMPADA KIAN LED BULBO 15W BIVOLT 6,5K;MERCEARIA;8;5,24;9,8;0;0;0;5928;14-mai-26;0
1;Carlos Bezerra;5945;5931;COLHER STRAWPLAST SOBREMESA 50UN;DESCARTAVEL;11;2,95;6,25;0;0;0;5931;14-mai-26;0
1;Carlos Bezerra;5946;5932;GARFO STRAWPLAST LEVE CRISTAL 50UN;DESCARTAVEL;2;3,9;8,29;0;0;0;5932;14-mai-26;0
1;Carlos Bezerra;5947;5933;FACA STRAWPLAST LEVE CRISTAL 50UN;DESCARTAVEL;19;3,9;8,29;0;0;0;5933;14-mai-26;0
1;Carlos Bezerra;5948;5934;COLHER CRISTAL REFEICAO STRAWPLAST C/50UN;DESCARTAVEL;6;3,9;8,29;0;0;0;5934;14-mai-26;0
1;Carlos Bezerra;5984;5970;BORRACHA PRIMA MERCUR 40;PAPELARIA;13;0,79;1,79;0;0;0;5970;14-mai-26;0
1;Carlos Bezerra;6020;6006;XAROPE CRAC GUARANA 1L;BEBIDAS;0;6,9;11,99;0;0;0;6006;14-mai-26;0
1;Carlos Bezerra;6036;6022;VODKA SMIRNOFF 21 998ML;BEBIDAS;9;38;53,45;0;0;0;6022;14-mai-26;0
1;Carlos Bezerra;6130;6116;COTONETES J&J 75UND;HIGIENE PESSOAL;11;6,15;9,99;0;0;0;6116;14-mai-26;0
1;Carlos Bezerra;6274;6260;COPO AMERICANO DUPLO 300ML;UTILIDADES;12;4,5;5,85;0;0;0;6260;14-mai-26;0
1;Carlos Bezerra;6313;6299;SABAO PASTOSO TRADICIONAL 500G;LIMPEZA;0;5,4;8,99;0;0;0;6299;14-mai-26;0
1;Carlos Bezerra;6404;6390;PACOQUINHA ROLHA 15G;BOMBONIERE;0;0,39;0,7;0;0;0;6390;14-mai-26;0
1;Carlos Bezerra;6527;6513;TAMPA P PIA E LAVATORIO COM 02;UTILIDADES;10;2,46;3,69;0;0;0;6513;14-mai-26;0
1;Carlos Bezerra;669;655;APARELHO GILLETTE ULTRAGRIP CF C1;HIGIENE PESSOAL;11;2,49;4,5;0;0;0;655;14-mai-26;0
1;Carlos Bezerra;6592;6578;ERVILHA QUERO LT 170G;MERCEARIA;11;3,57;5,99;0;0;0;6578;14-mai-26;0
1;Carlos Bezerra;6606;6592;SABAO PASTOSO TRADICIONAL 200G;LIMPEZA;11;3,65;6,99;0;0;0;6592;14-mai-26;0
1;Carlos Bezerra;6608;6594;FOSFORO QUELUZ 10CX;MERCEARIA;19;2,39;4,99;0;0;0;6594;14-mai-26;0
1;Carlos Bezerra;6698;6684;LAPIS FABER CASTELL N.2;PAPELARIA;9;0,45;0,99;0;0;0;6684;14-mai-26;0
1;Carlos Bezerra;6699;6685;POLIDOR NUGGET 33 DES LIQ MARROM 60ML;LIMPEZA;22;5,44;16,99;0;0;0;6685;14-mai-26;0
1;Carlos Bezerra;6716;6702;REFRESCO FRISCO LARANJA 18G;BEBIDAS;0;0,83;1,99;0;0;0;6702;14-mai-26;0
1;Carlos Bezerra;6732;6718;PRENDEDOR DE ROUPA MADEIRA GABOARDI C12;LIMPEZA;10;1,26;3,99;0;0;0;6718;14-mai-26;0
1;Carlos Bezerra;6733;6719;ESCOVA DENTAL CLEAN-B MACIA;HIGIENE PESSOAL;8;1,82;5,99;0;0;0;6719;14-mai-26;0
1;Carlos Bezerra;6741;6727;COPO DESC COPOMAIS 200ML;MERCEARIA;18;3,9;7,99;0;0;0;6727;14-mai-26;0
1;Carlos Bezerra;6742;6728;SABAO COCO BRIL ODOR 100G;LIMPEZA;24;1,99;3,99;0;0;0;6728;14-mai-26;0
1;Carlos Bezerra;6747;6733;GUARDANAPO DE PAPEL LUC 18CMX23CM C50;DESCARTAVEL;10;1,2;5,99;0;0;0;6733;14-mai-26;0
1;Carlos Bezerra;6749;6735;ALCOOL PRING 92,8 500ML;LIMPEZA;8;4,58;9,99;0;0;0;6735;14-mai-26;0
1;Carlos Bezerra;6760;6746;NAFITALINA BIOCHEIRO 15G;LIMPEZA;10;1,44;4,99;0;0;0;6746;14-mai-26;0
1;Carlos Bezerra;6763;6749;PO DESCOLORANTE MARCIA PROTEINAS DA SEDA 20G;HIGIENE PESSOAL;12;3,22;6,99;0;0;0;6749;14-mai-26;0
1;Carlos Bezerra;6764;6750;AGUA OXIGENADA RADAR 40 VOLUME;PERFUMARIA;12;1,41;3,99;0;0;0;6750;14-mai-26;0
1;Carlos Bezerra;6765;6751;LIXA PARA UNHAS BELLA;PERFUMARIA;98;0,16;1;0;0;1;6751;14-mai-26;0
1;Carlos Bezerra;6766;6752;AGUA OXIGENADA RADAR 20 VOLUME;PERFUMARIA;11;1,41;3,99;0;0;0;6752;14-mai-26;0
1;Carlos Bezerra;6769;6755;CHA SHOJI PRETO 15G;CHAS;10;2,68;6,17;0;0;0;6755;14-mai-26;0
1;Carlos Bezerra;6780;6766;VINAGRE COLORIDO PEIXE 500ML;MERCEARIA;11;1,53;2,99;0;0;0;6766;14-mai-26;0
1;Carlos Bezerra;6783;6769;CANELA EM PO SAMAR 30G;MERCEARIA;8;2,49;4,99;0;0;0;6769;14-mai-26;0
1;Carlos Bezerra;6790;6776;SEMORIN TIRA FERRUGEM 50ML;MERCEARIA;12;7,48;11,99;0;0;0;6776;14-mai-26;0
1;Carlos Bezerra;6791;6777;PRATO DESCARTAVEL ZETTAPACK 21CM;HORT;10;1,98;3,99;0;0;0;6777;14-mai-26;0
1;Carlos Bezerra;6794;6780;MACARRAO PIRAQUE ALDENTE PENA 400G;MASSAS, MOLHOS E CONDIMENTOS;0;3,24;5,99;0;0;0;6780;14-mai-26;0
1;Carlos Bezerra;748;734;ACETONA FARMAX 100ML;PERFUMARIA;11;3,16;5,99;0;0;0;734;14-mai-26;0
1;Carlos Bezerra;946;932;CHIMICHURRI SABOR 10G;SABOR;12;2,88;5,59;0;0;0;932;14-mai-26;0
1;Carlos Bezerra;959;945;TOMILHO SABOR 10G;SABOR;13;1,92;3,89;0;0;0;945;14-mai-26;0
1;Carlos Bezerra;961;947;VELA ESTRELINHA C/4;UTILIDADES;11;4,39;6,85;0;0;0;947;14-mai-26;0
1;Carlos Bezerra;967;953;CERVEJA BRAHMA CHOPP 473ML;BEBIDAS;0;3,9;4,99;0;0;0;953;14-mai-26;0
1;Carlos Bezerra;969;955;CERVEJA ANTARCTICA 473ML;BEBIDAS;0;3,74;4,99;0;0;0;955;14-mai-26;0
1;Carlos Bezerra;969;955;CERVEJA ANTARCTICA 473ML;BEBIDAS;0;3,74;4,99;0;0;0;955;14-mai-26;0
